Dataset;Algoritm;window;model;resample;F1-Score(micro);F1-Score(macro);F1-Score(weighted);F1-Score(None);Accuracy;Sensitivity;Specificity;ROC AUC score;Confusion matrix
commons-bcel;RandomForest;0;model6;NONE;0,9535603715170279;0,6830524307817909;0,9417755081471951;[0,97586096 0,3902439 ];0,9535603715170279;0,2553191489361702;0,9967126890203813;0,6260159189782757;"[1516; 5; 70; 24]"
commons-bcel;DT;0;model6;NONE;0,8761609907120743;0,5817145817145817;0,8918068515591735;[0,93265993 0,23076923];0,8761609907120743;0,3191489361702128;0,9105851413543721;0,6148670387622924;"[1385; 136; 64; 30]"
commons-bcel;LogistRegression;0;model6;NONE;0,9120743034055727;0,6728829322287266;0,9200415757257283;[0,95260347 0,39316239];0,9120743034055727;0,48936170212765956;0,938198553583169;0,7137801278554142;"[1427; 94; 48; 46]"
commons-bcel;MLP;0;model6;NONE;0,9436532507739938;0,5437017396245044;0,9211692041815951;[0,97089862 0,11650485];0,9436532507739938;0,06382978723404255;0,9980276134122288;0,5309287003231357;"[1518; 3; 88; 6]"
commons-bcel;RandomForest;0;model7;NONE;0,9287925696594427;0,7744218896698647;0,9393073390299903;[0,96103016 0,58781362];0,9287925696594427;0,8723404255319149;0,9322813938198553;0,902310909675885;"[1418; 103; 12; 82]"
commons-bcel;DT;0;model7;NONE;0,9269349845201238;0,7722263656617232;0,9380935325369582;[0,95994569 0,58450704];0,9269349845201238;0,8829787234042553;0,9296515450361604;0,9063151342202078;"[1414; 107; 11; 83]"
commons-bcel;LogistRegression;0;model7;NONE;0,7554179566563468;0,573952337159531;0,8196368144099638;[0,8520045  0,29590018];0,7554179566563467;0,8829787234042553;0,747534516765286;0,8152566200847707;"[1137; 384; 11; 83]"
commons-bcel;MLP;0;model7;NONE;0,9411764705882353;0,505031148276118;0,9155716330646348;[0,96965826 0,04040404];0,9411764705882353;0,02127659574468085;0,9980276134122288;0,5096521045784548;"[1518; 3; 92; 2]"
commons-bcel;DT;0;model6;ROS;0,8724458204334365;0,597227602905569;0,891412169506518;[0,93016949 0,26428571];0,8724458204334365;0,39361702127659576;0,9020381328073636;0,6478275770419797;"[1372; 149; 57; 37]"
commons-bcel;RandomForest;0;model6;ROS;0,9430340557275542;0,6565418400369857;0,9337109192169458;[0,97022654 0,34285714];0,9430340557275542;0,2553191489361702;0,9855358316896778;0,620427490312924;"[1499; 22; 70; 24]"
commons-bcel;LogistRegression;0;model6;ROS;0,9281733746130031;0,6965190570610267;0,9308002130827632;[0,96166557 0,43137255];0,9281733746130031;0,46808510638297873;0,9566074950690335;0,7123463007260061;"[1455; 66; 50; 44]"
commons-bcel;MLP;0;model6;ROS;0,9356037151702786;0,6220385972492259;0,9262244730298801;[0,96629942 0,27777778];0,9356037151702786;0,2127659574468085;0,980276134122288;0,5965210457845482;"[1491; 30; 74; 20]"
commons-bcel;DT;0;model7;ROS;0,923219814241486;0,7606446554411329;0,9349457460557866;[0,95790903 0,56338028];0,923219814241486;0,851063829787234;0,9276791584483892;0,8893714941178116;"[1411; 110; 14; 80]"
commons-bcel;RandomForest;0;model7;ROS;0,9263157894736842;0,7724654616576747;0,9377850533696067;[0,95956507 0,58536585];0,9263157894736842;0,8936170212765957;0,928336620644313;0,9109768209604544;"[1412; 109; 10; 84]"
commons-bcel;LogistRegression;0;model7;ROS;0,747987616099071;0,5694391222467862;0,8144282575614117;[0,84670433 0,29217391];0,7479876160990712;0,8936170212765957;0,7389875082182774;0,8163022647474367;"[1124; 397; 10; 84]"
commons-bcel;MLP;0;model7;ROS;0,8241486068111455;0,6347247972374599;0,8671476487092135;[0,89776818 0,37168142];0,8241486068111455;0,8936170212765957;0,8198553583168968;0,8567361897967463;"[1247; 274; 10; 84]"
commons-bcel;RandomForest;0;model6;SMOTE;0,8253869969040247;0,6202395485200825;0,8668658407221765;[0,8993576 0,3411215];0,8253869969040247;0,776595744680851;0,8284023668639053;0,8024990557723782;"[1260; 261; 21; 73]"
commons-bcel;DT;0;model6;SMOTE;0,7034055727554179;0,49601251914583666;0,7816784337219682;[0,81931347 0,17271157];0,7034055727554179;0,5319148936170213;0,7140039447731755;0,6229594191950983;"[1086; 435; 44; 50]"
commons-bcel;LogistRegression;0;model6;SMOTE;0,9226006191950464;0,688572640672606;0,9271140159236935;[0,95854063 0,41860465];0,9226006191950464;0,4787234042553192;0,9500328731097962;0,7143781386825577;"[1445; 76; 49; 45]"
commons-bcel;MLP;0;model6;SMOTE;0,939938080495356;0,6303048324330192;0,9292538479844094;[0,96863886 0,2919708 ];0,939938080495356;0,2127659574468085;0,9848783694937541;0,5988221634702813;"[1498; 23; 74; 20]"
commons-bcel;RandomForest;0;model7;SMOTE;0,9250773993808049;0,7715109868587979;0,937024031170659;[0,95882953 0,58419244];0,9250773993808049;0,9042553191489362;0,9263642340565418;0,915309776602739;"[1409; 112; 9; 85]"
commons-bcel;DT;0;model7;SMOTE;0,9219814241486068;0,7671035644634078;0,934917312201281;[0,95702592 0,57718121];0,9219814241486068;0,9148936170212766;0,9224194608809994;0,918656538951138;"[1403; 118; 8; 86]"
commons-bcel;LogistRegression;0;model7;SMOTE;0,7523219814241486;0,571568034465561;0,8174554341890163;[0,84984985 0,29328622];0,7523219814241486;0,8829787234042553;0,7442472057856673;0,8136129645949612;"[1132; 389; 11; 83]"
commons-bcel;MLP;0;model7;SMOTE;0,8396284829721362;0,6505208120105508;0,8776728713221522;[0,907599   0,39344262];0,8396284829721362;0,8936170212765957;0,8362919132149902;0,864954467245793;"[1272; 249; 10; 84]"
commons-bcel;RandomForest;0;model6;ADA;0,8631578947368422;0,6537122255112842;0,8916731888750351;[0,92302334 0,38440111];0,8631578947368421;0,7340425531914894;0,871137409598948;0,8025899813952186;"[1325; 196; 25; 69]"
commons-bcel;DT;0;model6;ADA;0,8668730650154799;0,5836635687487185;0,8870719404999712;[0,92704445 0,24028269];0,8668730650154799;0,3617021276595745;0,8980933596318211;0,6298977436456978;"[1366; 155; 60; 34]"
commons-bcel;LogistRegression;0;model6;ADA;0,9219814241486068;0,6131192297747425;0,918556756712722;[0,9587966  0,26744186];0,9219814241486068;0,24468085106382978;0,9638395792241946;0,6042602151440123;"[1466; 55; 71; 23]"
commons-bcel;MLP;0;model6;ADA;0,913312693498452;0,600659856159835;0,9128751108009872;[0,95400788 0,24731183];0,913312693498452;0,24468085106382978;0,9546351084812623;0,5996579797725461;"[1452; 69; 71; 23]"
commons-bcel;RandomForest;0;model7;ADA;0,9256965944272446;0,772695285010556;0,9374748084351708;[0,95918367 0,5862069 ];0,9256965944272446;0,9042553191489362;0,9270216962524654;0,9156385077007008;"[1410; 111; 9; 85]"
commons-bcel;DT;0;model7;ADA;0,9250773993808049;0,7743019663326884;0,9372993473627357;[0,95877342 0,58983051];0,9250773993808049;0,925531914893617;0,9250493096646942;0,9252906122791558;"[1407; 114; 7; 87]"
commons-bcel;LogistRegression;0;model7;ADA;0,836532507739938;0,5832844643569233;0,8703257335448202;[0,90814196 0,25842697];0,836532507739938;0,48936170212765956;0,8579881656804734;0,6736749339040663;"[1305; 216; 48; 46]"
commons-bcel;MLP;0;model7;ADA;0,8619195046439628;0,6666956648086262;0,8920875899259605;[0,92178183 0,4116095 ];0,8619195046439628;0,8297872340425532;0,863905325443787;0,8468462797431701;"[1314; 207; 16; 78]"
commons-io;RandomForest;0;model6;NONE;0,9438603260345326;0,8647347528725511;0,9464150172603454;[0,96818977 0,76127974];0,9438603260345326;0,8505957836846929;0,9548296679603278;0,9027127258225104;"[8857; 419; 163; 928]"
commons-io;DT;0;model6;NONE;0,9307417767917431;0,8376074100616085;0,9347039317386114;[0,96058843 0,71462639];0,9307417767917431;0,8240146654445463;0,9432945235015092;0,8836545944730277;"[8750; 526; 192; 899]"
commons-io;LogistRegression;0;model6;NONE;0,6720362689302595;0,5470986653109017;0,7349066149205332;[0,78497344 0,30922389];0,6720362689302595;0,6975252062328139;0,6690383786114704;0,6832817924221422;"[6206; 3070; 330; 761]"
commons-io;MLP;0;model6;NONE;0,9212887045432623;0,724936438793172;0,9084212310256744;[0,95733556 0,49253731];0,9212887045432623;0,3629697525206233;0,9869555843035791;0,6749626684121012;"[9155; 121; 695; 396]"
commons-io;RandomForest;0;model7;NONE;0,957943474486351;0,884001010112416;0,9571215937659929;[0,97661446 0,79138756];0,957943474486351;0,7580201649862511;0,9814575247951703;0,8697388448907106;"[9104; 172; 264; 827]"
commons-io;DT;0;model7;NONE;0,9127037715829073;0,7736124958506074;0,9137136639368584;[0,95106256 0,59616243];0,9127037715829073;0,6122823098075161;0,9480379473911169;0,7801601285993165;"[8794; 482; 423; 668]"
commons-io;LogistRegression;0;model7;NONE;0,5606250602874505;0,470247617868083;0,6430031914791348;[0,68905727 0,25143796];0,5606250602874505;0,7011915673693859;0,5440922811556705;0,6226419242625282;"[5047; 4229; 326; 765]"
commons-io;MLP;0;model7;NONE;0,8957268255040031;0,49199168182410574;0,8495519665049066;[0,94487225 0,03911111];0,8957268255040031;0,02016498625114574;0,9987063389391979;0,5094356625951718;"[9264; 12; 1069; 22]"
commons-io;DT;0;model6;ROS;0,924278962091251;0,8209176562457055;0,9283341479097216;[0,9569698  0,68486552];0,924278962091251;0,7818515123739689;0,9410306166451057;0,8614410645095373;"[8729; 547; 238; 853]"
commons-io;RandomForest;0;model6;ROS;0,9346001736278576;0,848416060660956;0,9386574530920793;[0,96271447 0,73411765];0,9346001736278576;0,8579285059578369;0,9436179387667097;0,9007732223622732;"[8753; 523; 155; 936]"
commons-io;LogistRegression;0;model6;ROS;0,6690460113822707;0,5455665309888826;0,7325908735166177;[0,7824488  0,30868426];0,6690460113822707;0,7021081576535289;0,6651573954290643;0,6836327765412966;"[6170; 3106; 325; 766]"
commons-io;MLP;0;model6;ROS;0,812964213369345;0,692177697589101;0,8444163227294302;[0,88500089 0,49935451];0,812964213369345;0,8863428047662695;0,8043337645536869;0,8453382846599783;"[7461; 1815; 124; 967]"
commons-io;DT;0;model7;ROS;0,9031542394135237;0,766821604145048;0,9075914565069092;[0,94511862 0,58852459];0,9031542394135237;0,6581118240146654;0,9319749892194912;0,7950434066170782;"[8645; 631; 373; 718]"
commons-io;RandomForest;0;model7;ROS;0,9618983312433684;0,9018818126980875;0,962468295714013;[0,97861976 0,82514387];0,9618983312433684;0,854262144821265;0,9745579991375592;0,9144100719794122;"[9040; 236; 159; 932]"
commons-io;LogistRegression;0;model7;ROS;0,5716214912703772;0,4767681502305007;0,6526572749272359;[0,69954672 0,25398959];0,5716214912703772;0,692942254812099;0,5573523070288917;0,6251472809204953;"[5170; 4106; 335; 756]"
commons-io;MLP;0;model7;ROS;0,7539307417767918;0,6005520299670217;0,7959761825453169;[0,84807337 0,35303069];0,7539307417767918;0,6379468377635197;0,7675722294092281;0,702759533586374;"[7120; 2156; 395; 696]"
commons-io;RandomForest;0;model6;SMOTE;0,9442461657181441;0,8656644109284097;0,9467832989286591;[0,9684084  0,76292043];0,9442461657181441;0,8524289642529789;0,955045278137128;0,9037371211950534;"[8859; 417; 161; 930]"
commons-io;DT;0;model6;SMOTE;0,9194559660461078;0,8213750422628736;0,9258780832893994;[0,95373705 0,68901304];0,9194559660461078;0,847846012832264;0,9278783958602846;0,8878622043462744;"[8607; 669; 166; 925]"
commons-io;LogistRegression;0;model6;SMOTE;0,6688530915404649;0,5450502551988109;0,7324256648616138;[0,78237718 0,30772333];0,6688530915404649;0,6993583868011;0,6652652005174644;0,6823117936592822;"[6171; 3105; 328; 763]"
commons-io;MLP;0;model6;SMOTE;0,8285907205556091;0,7048853925697665;0,8557388057944568;[0,8959541  0,51381669];0,8285907205556091;0,8606782768102658;0,8248167313497197;0,8427475040799928;"[7651; 1625; 152; 939]"
commons-io;RandomForest;0;model7;SMOTE;0,960065592746214;0,8990012652792208;0,9610049273952534;[0,97753419 0,82046834];0,960065592746214;0,8670944087992667;0,9710004312203536;0,9190474200098102;"[9007; 269; 145; 946]"
commons-io;DT;0;model7;SMOTE;0,8934117874023343;0,7690091499762315;0,9028466351671688;[0,93852573 0,59949257];0,8934117874023343;0,7580201649862511;0,909335920655455;0,833678042820853;"[8435; 841; 264; 827]"
commons-io;LogistRegression;0;model7;SMOTE;0,5732613099257259;0,47787883115260343;0,654070568629021;[0,70104068 0,25471698];0,5732613099257259;0,692942254812099;0,5591849935316947;0,6260636241718969;"[5187; 4089; 335; 756]"
commons-io;MLP;0;model7;SMOTE;0,7597183370309636;0,6061103706501507;0,8003150671016419;[0,85208717 0,36013357];0,7597183370309636;0,6425297891842346;0,7735015092712376;0,7080156492277361;"[7175; 2101; 390; 701]"
commons-io;RandomForest;0;model6;ADA;0,944342625639047;0,8667015859295204;0,9470215947796816;[0,96843372 0,76496945];0,944342625639047;0,8606782768102658;0,9541828374299267;0,9074305571200962;"[8851; 425; 152; 939]"
commons-io;DT;0;model6;ADA;0,8648596508150863;0,7402794617366253;0,882297407085818;[0,92015729 0,56040163];0,8648596508150863;0,8185151237396884;0,8703104786545925;0,8444128011971406;"[8073; 1203; 198; 893]"
commons-io;LogistRegression;0;model6;ADA;0,6631619562071959;0,5324808459737129;0,7276322576250644;[0,77965674 0,28530495];0,6631619562071959;0,6388634280476627;0,6660198361362656;0,6524416320919643;"[6178; 3098; 394; 697]"
commons-io;MLP;0;model6;ADA;0,8097810359795505;0,6771295743068741;0,8405234364273942;[0,88408182 0,47017732];0,8097810359795505;0,8020164986251146;0,8106942647692971;0,8063553816972059;"[7520; 1756; 216; 875]"
commons-io;RandomForest;0;model7;ADA;0,9608372721134368;0,9043443420239264;0,9623830809197019;[0,97785535 0,83083333];0,9608372721134368;0,9138405132905592;0,9663648124191462;0,9401026628548527;"[8964; 312; 94; 997]"
commons-io;DT;0;model7;ADA;0,9313205363171603;0,8424055005709123;0,9358650572144259;[0,96077999 0,72403101];0,9313205363171603;0,8560953253895509;0,9401681759379042;0,8981317506637275;"[8721; 555; 157; 934]"
commons-io;LogistRegression;0;model7;ADA;0,5744188289765603;0,4617564602116485;0,6561780263809092;[0,70800794 0,21550498];0,5744188289765603;0,5554537121906508;0,5766494178525227;0,5660515650215867;"[5349; 3927; 485; 606]"
commons-io;MLP;0;model7;ADA;0,7187228706472459;0,5521081761498294;0,7677876438805517;[0,8252846  0,27893175];0,718722870647246;0,5169569202566453;0,742453643811988;0,6297052820343166;"[6887; 2389; 527; 564]"
junit4;RandomForest;0;model6;NONE;0,9303295786399666;0,570482192080672;0,9268852782216689;[0,96362448 0,1773399 ];0,9303295786399666;0,16071428571428573;0,9680525164113786;0,5643834010628322;"[2212; 73; 94; 18]"
junit4;DT;0;model6;NONE;0,9002920317062996;0,584116691796569;0,9128482772625233;[0,94673501 0,22149837];0,9002920317062996;0,30357142857142855;0,9295404814004377;0,6165559549859332;"[2124; 161; 78; 34]"
junit4;LogistRegression;0;model6;NONE;0,7142261159783062;0,5004707961855621;0,7967018611789505;[0,82723834 0,17370326];0,7142261159783062;0,6428571428571429;0,7177242888402626;0,6802907158487027;"[1640; 645; 40; 72]"
junit4;MLP;0;model6;NONE;0,9536921151439299;0,5294455753378384;0,9344929088170284;[0,97624652 0,08264463];0,9536921151439299;0,044642857142857144;0,9982494529540481;0,5214461550484527;"[2281; 4; 107; 5]"
junit4;RandomForest;0;model7;NONE;0,9591155611180643;0,6538413929691368;0,9485374246828726;[0,97891566 0,32876712];0,9591155611180643;0,21428571428571427;0,9956236323851203;0,6049546733354173;"[2275; 10; 88; 24]"
junit4;DT;0;model7;NONE;0,9407592824363789;0,6674996092528915;0,9407592824363789;[0,96892779 0,36607143];0,9407592824363789;0,36607142857142855;0,9689277899343545;0,6674996092528914;"[2214; 71; 71; 41]"
junit4;LogistRegression;0;model7;NONE;0,6962870254484773;0,49602251329102076;0,7840270036405593;[0,81371546 0,17832957];0,6962870254484773;0,7053571428571429;0,6958424507658644;0,7005997968115035;"[1590; 695; 33; 79]"
junit4;MLP;0;model7;NONE;0,952857738840217;0,6185448538389715;0,9422801029957032;[0,9756518  0,26143791];0,952857738840217;0,17857142857142858;0,9908096280087527;0,5846905282900906;"[2264; 21; 92; 20]"
junit4;DT;0;model6;ROS;0,8886107634543179;0,5463847159761426;0,9035687703325667;[0,94038848 0,15238095];0,8886107634543179;0,21428571428571427;0,9216630196936543;0,5679743669896843;"[2106; 179; 88; 24]"
junit4;RandomForest;0;model6;ROS;0,8919482686691698;0,5573621816786959;0,9062372138429471;[0,9422004  0,17252396];0,8919482686691698;0,24107142857142858;0,9238512035010941;0,5824613160362613;"[2111; 174; 85; 27]"
junit4;LogistRegression;0;model6;ROS;0,6958698372966208;0,49042015091313385;0,7837461486209638;[0,81398316 0,16685714];0,6958698372966208;0,6517857142857143;0,6980306345733042;0,6749081744295092;"[1595; 690; 39; 73]"
junit4;MLP;0;model6;ROS;0,7350855235711306;0,5123380074836386;0,8111221756676635;[0,84192183 0,18275418];0,7350855235711306;0,6339285714285714;0,7400437636761488;0,6869861675523601;"[1691; 594; 41; 71]"
junit4;DT;0;model7;ROS;0,9432624113475178;0,6919908086290043;0,9441908976393183;[0,97018851 0,4137931 ];0,9432624113475178;0,42857142857142855;0,9684901531728666;0,6985307908721474;"[2213; 72; 64; 48]"
junit4;RandomForest;0;model7;ROS;0,9557780559032123;0,7095409026475834;0,9519846425771176;[0,97697654 0,44210526];0,9557780559032123;0,375;0,9842450765864332;0,6796225382932166;"[2249; 36; 70; 42]"
junit4;LogistRegression;0;model7;ROS;0,6962870254484773;0,49690012593238403;0,7840225465079113;[0,81362007 0,18018018];0,6962870254484773;0,7142857142857143;0,6954048140043764;0,7048452641450454;"[1589; 696; 32; 80]"
junit4;MLP;0;model7;ROS;0,8126825198164372;0,5777189234363873;0,8632759116544233;[0,89271207 0,26272578];0,8126825198164372;0,7142857142857143;0,8175054704595186;0,7658955923726165;"[1868; 417; 32; 80]"
junit4;RandomForest;0;model6;SMOTE;0,9249061326658323;0,5785206314473273;0,9249061326658323;[0,96061269 0,19642857];0,9249061326658323;0,19642857142857142;0,9606126914660832;0,5785206314473272;"[2195; 90; 90; 22]"
junit4;DT;0;model6;SMOTE;0,8498122653316645;0,5458526131421282;0,8826727682710742;[0,9173933  0,17431193];0,8498122653316645;0,3392857142857143;0,874835886214442;0,6070608002500782;"[1999; 286; 74; 38]"
junit4;LogistRegression;0;model6;SMOTE;0,7129745515227367;0,4949022721091436;0,7957727884048503;[0,82678751 0,16301703];0,7129745515227367;0,5982142857142857;0,7185995623632385;0,658406924038762;"[1642; 643; 45; 67]"
junit4;MLP;0;model6;SMOTE;0,7889027951606175;0,5326052106679656;0,8463712112891107;[0,87871524 0,18649518];0,7889027951606175;0,5178571428571429;0,8021881838074398;0,6600226633322913;"[1833; 452; 54; 58]"
junit4;RandomForest;0;model7;SMOTE;0,9386733416770963;0,7145117656066562;0,943844677471565;[0,96748507 0,46153846];0,9386733416770964;0,5625;0,9571115973741794;0,7598057986870898;"[2187; 98; 49; 63]"
junit4;DT;0;model7;SMOTE;0,8977889027951605;0,6234256902724155;0,9148192683818609;[0,94485708 0,3019943 ];0,8977889027951607;0,4732142857142857;0,9185995623632385;0,695906924038762;"[2099; 186; 59; 53]"
junit4;LogistRegression;0;model7;SMOTE;0,7100542344597414;0,5035260094418317;0,793814387814353;[0,82373827 0,18331375];0,7100542344597414;0,6964285714285714;0,7107221006564551;0,7035753360425133;"[1624; 661; 34; 78]"
junit4;MLP;0;model7;SMOTE;0,8343763037129746;0,5890629419550417;0,8768955203027674;[0,90656625 0,27155963];0,8343763037129746;0,6607142857142857;0,8428884026258205;0,7518013441700531;"[1926; 359; 38; 74]"
junit4;RandomForest;0;model6;ADA;0,9211514392991239;0,5871282716334039;0,9237852026805327;[0,95848891 0,21576763];0,9211514392991239;0,23214285714285715;0,9549234135667396;0,5935331353547983;"[2182; 103; 86; 26]"
junit4;DT;0;model6;ADA;0,8381309970796831;0,559007283210682;0,8770648764132719;[0,9098513  0,20816327];0,838130997079683;0,45535714285714285;0,8568927789934354;0,6561249609252892;"[1958; 327; 61; 51]"
junit4;LogistRegression;0;model6;ADA;0,7142261159783062;0,49661892561636356;0,7966572661344482;[0,82758621 0,16565164];0,7142261159783062;0,6071428571428571;0,7194748358862144;0,6633088465145357;"[1644; 641; 44; 68]"
junit4;MLP;0;model6;ADA;0,7976637463496037;0,5451369094687287;0,8523826074206555;[0,88405451 0,20621931];0,7976637463496037;0,5625;0,8091903719912472;0,6858451859956236;"[1849; 436; 49; 63]"
junit4;RandomForest;0;model7;ADA;0,932415519399249;0,692770112032407;0,9387547460466477;[0,96411165 0,42142857];0,932415519399249;0,5267857142857143;0,9522975929978118;0,739541653641763;"[2176; 109; 53; 59]"
junit4;DT;0;model7;ADA;0,8681685440133499;0,598037342707219;0,896762584660513;[0,92755617 0,26851852];0,86816854401335;0,5178571428571429;0,8853391684901531;0,7015981556736479;"[2023; 262; 54; 58]"
junit4;LogistRegression;0;model7;ADA;0,7113057989153108;0,5033772374197906;0,7946917210624505;[0,82472138 0,1820331 ];0,7113057989153108;0,6875;0,712472647702407;0,6999863238512035;"[1628; 657; 35; 77]"
junit4;MLP;0;model7;ADA;0,8130997079682937;0,5695622895622896;0,8630768820172241;[0,89333333 0,24579125];0,8130997079682937;0,6517857142857143;0,8210065645514223;0,7363961394185683;"[1876; 409; 39; 73]"
pdfbox;RandomForest;0;model6;NONE;0,7764089493061457;0,5670213815580639;0,7993899916633469;[0,86811994 0,26592283];0,7764089493061456;0,3548387096774194;0,8307225063938619;0,5927806080356407;"[10394; 2118; 1040; 572]"
pdfbox;DT;0;model6;NONE;0,7175021240441802;0,5531337388278994;0,7622879997265054;[0,82415161 0,28211587];0,7175021240441801;0,48635235732009924;0,7472826086956522;0,6168174830078756;"[9350; 3162; 828; 784]"
pdfbox;LogistRegression;0;model6;NONE;0,6958368734069669;0,5590785840508868;0,748586002558549;[0,80463847 0,3135187 ];0,6958368734069669;0,608560794044665;0,7070812020460358;0,6578209980453503;"[8847; 3665; 631; 981]"
pdfbox;MLP;0;model6;NONE;0,8861512319456245;0,5349485526135273;0,8468362179809591;[0,93908629 0,13081081];0,8861512319456245;0,0750620347394541;0,9906489769820972;0,5328555058607757;"[12395; 117; 1491; 121]"
pdfbox;RandomForest;0;model7;NONE;0,8735485698102521;0,6721516474203404;0,8704557534772542;[0,92911011 0,41519319];0,8735485698102521;0,3933002481389578;0,9354219948849105;0,6643611215119342;"[11704; 808; 978; 634]"
pdfbox;DT;0;model7;NONE;0,8309260832625318;0,6441940270367756;0,8431169563624932;[0,90195434 0,38643371];0,8309260832625318;0,4665012406947891;0,8778772378516624;0,6721892392732257;"[10984; 1528; 860; 752]"
pdfbox;LogistRegression;0;model7;NONE;0,659303313508921;0,5292378279384589;0,7202014314834533;[0,77668461 0,28179104];0,659303313508921;0,5856079404466501;0,6687979539641944;0,6272029472054222;"[8368; 4144; 668; 944]"
pdfbox;MLP;0;model7;NONE;0,8882752761257434;0,5459064970881192;0,8501970785876384;[0,94020009 0,1516129 ];0,8882752761257434;0,08746898263027296;0,9914482097186701;0,5394585961744716;"[12405; 107; 1471; 141]"
pdfbox;DT;0;model6;ROS;0,7075191163976211;0,5486822122585571;0,7553085704296751;[0,81642448 0,28093995];0,7075191163976211;0,500620347394541;0,7341751918158568;0,6173977696051989;"[9186; 3326; 805; 807]"
pdfbox;RandomForest;0;model6;ROS;0,7086519399603511;0,5515913555810251;0,7563958022534327;[0,81697282 0,28620989];0,7086519399603511;0,5117866004962779;0,7340153452685422;0,6229009728824101;"[9184; 3328; 787; 825]"
pdfbox;LogistRegression;0;model6;ROS;0,6895355423392806;0,5564318380431261;0,7439503047392726;[0,79941448 0,31344919];0,6895355423392806;0,6209677419354839;0,6983695652173914;0,6596686535764377;"[8738; 3774; 611; 1001]"
pdfbox;MLP;0;model6;ROS;0,7003681676578872;0,5780742611382672;0,7533772044659709;[0,80522828 0,35092025];0,7003681676578872;0,7096774193548387;0,6991687979539642;0,7044231086544015;"[8748; 3764; 468; 1144]"
pdfbox;DT;0;model7;ROS;0,8193854432172188;0,6392169726911333;0,8359744447615003;[0,89417133 0,38426261];0,819385443217219;0,49379652605459057;0,8613331202046036;0,6775648231295971;"[10777; 1735; 816; 796]"
pdfbox;RandomForest;0;model7;ROS;0,8582554517133957;0,6871004773125491;0,8656941228198464;[0,91851852 0,45568244];0,8582554517133957;0,5198511166253101;0,9018542199488491;0,7108526682870796;"[11284; 1228; 774; 838]"
pdfbox;LogistRegression;0;model7;ROS;0,6720475785896347;0,5347835085116035;0,7298015434243434;[0,78748394 0,28208308];0,6720475785896347;0,5645161290322581;0,6859015345268542;0,6252088317795561;"[8582; 3930; 702; 910]"
pdfbox;MLP;0;model7;ROS;0,722529028603795;0,5948424053037975;0,7703732659381739;[0,82229175 0,36739306];0,722529028603795;0,705955334987593;0,7246643222506394;0,7153098286191162;"[9067; 3445; 474; 1138]"
pdfbox;RandomForest;0;model6;SMOTE;0,764018691588785;0,5734190857596304;0,7934737095852619;[0,85856143 0,28827675];0,764018691588785;0,41873449131513646;0,8085038363171355;0,613619163816136;"[10116; 2396; 937; 675]"
pdfbox;DT;0;model6;SMOTE;0,6863494760691022;0,5210208526071523;0,7381914956217647;[0,80242619 0,23961552];0,6863494760691022;0,43300248138957814;0,7189897698209718;0,575996125605275;"[8996; 3516; 914; 698]"
pdfbox;LogistRegression;0;model6;SMOTE;0,692367601246106;0,5567261882959273;0,7459609766175639;[0,80193281 0,31151957];0,692367601246106;0,6098014888337469;0,703005115089514;0,6564033019616304;"[8796; 3716; 629; 983]"
pdfbox;MLP;0;model6;SMOTE;0,6939252336448598;0,5705198244027012;0,7481871022708201;[0,8007375  0,34030215];0,6939252336448598;0,6916873449131513;0,6942135549872123;0,6929504499501818;"[8686; 3826; 497; 1115]"
pdfbox;RandomForest;0;model7;SMOTE;0,8283064287737185;0,6834189346417283;0,8487013716944434;[0,89758858 0,46924929];0,8283064287737185;0,6650124069478908;0,8493446291560103;0,7571785180519506;"[10627; 1885; 540; 1072]"
pdfbox;DT;0;model7;SMOTE;0,7491503823279524;0,5976430324663761;0,7881853323961306;[0,8445439  0,35074217];0,7491503823279524;0,5936724565756824;0,7691815856777494;0,6814270211267157;"[9624; 2888; 655; 957]"
pdfbox;LogistRegression;0;model7;SMOTE;0,5992636646842254;0,4920884526978898;0,6721454518734535;[0,72540268 0,25877423];0,5992636646842254;0,6129032258064516;0,5975063938618926;0,605204809834172;"[7476; 5036; 624; 988]"
pdfbox;MLP;0;model7;SMOTE;0,6944208439535542;0,5781954578183583;0,7490690360316891;[0,79960999 0,35678092];0,6944208439535542;0,7425558312655087;0,6882193094629157;0,7153875703642122;"[8611; 3901; 415; 1197]"
pdfbox;RandomForest;0;model6;ADA;0,7616822429906541;0,5743470195256398;0,7922716658189862;[0,85672938 0,29196466];0,7616822429906542;0,4305210918114144;0,8043478260869565;0,6174344589491855;"[10064; 2448; 918; 694]"
pdfbox;DT;0;model6;ADA;0,6905975644293402;0,5234967908810625;0,7412632222149012;[0,80567414 0,24131944];0,6905975644293402;0,4311414392059553;0,7240249360613811;0,5775831876336682;"[9059; 3453; 917; 695]"
pdfbox;LogistRegression;0;model6;ADA;0,6661710563579722;0,5441691905302222;0,7261618465480785;[0,7799916  0,30834678];0,6661710563579722;0,651985111662531;0,6679987212276215;0,6599919164450763;"[8358; 4154; 561; 1051]"
pdfbox;MLP;0;model6;ADA;0,694845652789578;0,5694648341016579;0,7487682877487752;[0,80180263 0,33712704];0,694845652789578;0,6799007444168734;0,6967710997442456;0,6883359220805595;"[8718; 3794; 516; 1096]"
pdfbox;RandomForest;0;model7;ADA;0,8046587369017275;0,6649193448009492;0,8319141232132378;[0,88130781 0,44853088];0,8046587369017275;0,6960297766749379;0,8186540920716112;0,7573419343732746;"[10243; 2269; 490; 1122]"
pdfbox;DT;0;model7;ADA;0,746530727839139;0,6069906711046748;0,787716267398123;[0,84117125 0,37281009];0,7465307278391391;0,6600496277915633;0,7576726342710998;0,7088611310313315;"[9480; 3032; 548; 1064]"
pdfbox;LogistRegression;0;model7;ADA;0,7570801472670632;0,5695135981741055;0,7888073217730799;[0,85366998 0,28535722];0,7570801472670632;0,4249379652605459;0,7998721227621484;0,6124050440113472;"[10008; 2504; 927; 685]"
pdfbox;MLP;0;model7;ADA;0,69505805720759;0,5756168518179561;0,7493669036993132;[0,80075866 0,35047504];0,69505805720759;0,7208436724565757;0,6917359335038363;0,706289802980206;"[8655; 3857; 450; 1162]"
wro4j;RandomForest;0;model6;NONE;0,8581001182499015;0,5721940162809096;0,8404549972026348;[0,92192583 0,2224622 ];0,8581001182499015;0,17428087986463622;0,9482489404416685;0,5612649101531524;"[4251; 232; 488; 103]"
wro4j;DT;0;model6;NONE;0,8263697280252267;0,5778864397607296;0,8263058997980844;[0,90175086 0,25402202];0,8263697280252267;0,25380710659898476;0,9018514387686817;0,5778292726838333;"[4043; 440; 441; 150]"
wro4j;LogistRegression;0;model6;NONE;0,6988569176192353;0,5650909188820478;0,75010060867776;[0,80628803 0,32389381];0,6988569176192353;0,6192893401015228;0,7093464198081642;0,6643178799548435;"[3180; 1303; 225; 366]"
wro4j;MLP;0;model6;NONE;0,889633425305479;0,5680777892898663;0,8539376648889444;[0,94075328 0,1954023 ];0,889633425305479;0,11505922165820642;0,9917465982600937;0,5534029099591501;"[4446; 37; 523; 68]"
wro4j;RandomForest;0;model7;NONE;0,8914071738273551;0,5907630266369521;0,8598149974038062;[0,94152605 0,24      ];0,8914071738273551;0,14720812182741116;0,9895159491412001;0,5683620354843056;"[4436; 47; 504; 87]"
wro4j;DT;0;model7;NONE;0,8224280646432793;0,593709405258177;0,8275347328985287;[0,89854746 0,28887135];0,8224280646432794;0,3096446700507614;0,8900289984385457;0,5998368342446535;"[3990; 493; 408; 183]"
wro4j;LogistRegression;0;model7;NONE;0,6212061489948758;0,5028153087703735;0,6889127038243973;[0,74543046 0,26020015];0,6212061489948758;0,571912013536379;0,6277046620566585;0,5998083377965187;"[2814; 1669; 253; 338]"
wro4j;MLP;0;model7;NONE;0,882538431217974;0,531568763154813;0,8425828679138802;[0,93703782 0,12609971];0,882538431217974;0,0727580372250423;0,9892928842293107;0,5310254607271765;"[4435; 48; 548; 43]"
wro4j;DT;0;model6;ROS;0,8220338983050847;0,5933577168429665;0,8272624995632198;[0,89829936 0,28841608];0,8220338983050848;0,3096446700507614;0,8895828686147669;0,5996137693327641;"[3988; 495; 408; 183]"
wro4j;RandomForest;0;model6;ROS;0,8245959795033504;0,5911739357156307;0,8281271423984178;[0,90008981 0,28225806];0,8245959795033504;0,2961082910321489;0,8942672317644434;0,5951877613982961;"[4009; 474; 416; 175]"
wro4j;LogistRegression;0;model6;ROS;0,6960977532518723;0,5633057299927129;0,7480185800730018;[0,80411585 0,32249561];0,6960977532518723;0,6209813874788495;0,7060004461298238;0,6634909168043365;"[3165; 1318; 224; 367]"
wro4j;MLP;0;model6;ROS;0,735908553409539;0,5892354800364321;0,777511074221172;[0,83469035 0,34378061];0,7359085534095389;0,5939086294416244;0,7546285969217043;0,6742686131816643;"[3383; 1100; 240; 351]"
wro4j;DT;0;model7;ROS;0,8175009854158455;0,5877233530340633;0,82380955821619;[0,89550891 0,27993779];0,8175009854158455;0,30456852791878175;0,8851215703769797;0,5948450491478807;"[3968; 515; 411; 180]"
wro4j;RandomForest;0;model7;ROS;0,8829325975561687;0,6537709193653554;0,8698313000627017;[0,93544882 0,37209302];0,8829325975561687;0,29780033840947545;0,9600713807718046;0,62893585959064;"[4304; 179; 415; 176]"
wro4j;LogistRegression;0;model7;ROS;0,6284982262514781;0,5085159231089843;0,6947828253150419;[0,75135206 0,26567978];0,6284982262514781;0,5769881556683587;0,6352888690608968;0,6061385123646277;"[2848; 1635; 250; 341]"
wro4j;MLP;0;model7;ROS;0,6227828143476547;0,5254438478173509;0,6903016623238534;[0,74036896 0,31051873];0,6227828143476547;0,7292724196277496;0,608744144546063;0,6690082820869062;"[2729; 1754; 160; 431]"
wro4j;RandomForest;0;model6;SMOTE;0,8334647221127316;0,6189616508803102;0,8382539947827488;[0,90485306 0,33307024];0,8334647221127316;0,3570219966159052;0,8962748159714476;0,6266484062936764;"[4018; 465; 380; 211]"
wro4j;DT;0;model6;SMOTE;0,7258573117855736;0,5384916172149076;0,7640490818820996;[0,83255086 0,24443237];0,7258573117855736;0,38071065989847713;0,7713584653134062;0,5760345626059417;"[3458; 1025; 366; 225]"
wro4j;LogistRegression;0;model6;SMOTE;0,6966890027591643;0,5645631172717398;0,7485466401043182;[0,80442242 0,32470382];0,6966890027591643;0,626057529610829;0,7060004461298238;0,6660289878703263;"[3165; 1318; 221; 370]"
wro4j;MLP;0;model6;SMOTE;0,7487189594008672;0,5951557996379315;0,786409501333082;[0,84449323 0,34581837];0,7487189594008672;0,5702199661590525;0,7722507249609636;0,6712353455600081;"[3462; 1021; 254; 337]"
wro4j;RandomForest;0;model7;SMOTE;0,8267638943634213;0,653693749011465;0,8414799228920934;[0,89851056 0,40887693];0,8267638943634213;0,5143824027072758;0,867945572161499;0,6911639874343875;"[3891; 592; 287; 304]"
wro4j;DT;0;model7;SMOTE;0,7193535672053607;0,5625234923255173;0,7634394407890954;[0,82445759 0,30058939];0,7193535672053607;0,5177664974619289;0,7459290653580192;0,6318477814099741;"[3344; 1139; 285; 306]"
wro4j;LogistRegression;0;model7;SMOTE;0,6261332282223098;0,5064028953140884;0,6928736658938393;[0,74950482 0,26330097];0,6261332282223098;0,5736040609137056;0,6330582199420032;0,6033311404278544;"[2838; 1645; 252; 339]"
wro4j;MLP;0;model7;SMOTE;0,6633819471817107;0,5486750624098016;0,7232017221174912;[0,77620545 0,32114467];0,6633819471817107;0,6835871404399323;0,6607182690162837;0,6721527047281081;"[2962; 1521; 187; 404]"
wro4j;RandomForest;0;model6;ADA;0,8285376428852976;0,6126558500428025;0,8344647037236345;[0,90182803 0,32348367];0,8285376428852976;0,35194585448392557;0,8913673879098818;0,6216566211969037;"[3996; 487; 383; 208]"
wro4j;DT;0;model6;ADA;0,6568782026014979;0,5074102580702398;0,7155423654461454;[0,77875207 0,23606845];0,6568782026014979;0,45516074450084604;0,6834708900289984;0,5693158172649222;"[3064; 1419; 322; 269]"
wro4j;LogistRegression;0;model6;ADA;0,6683090264091447;0,5485952922307127;0,7269059900579063;[0,78105893 0,31613165];0,6683090264091447;0,6582064297800339;0,6696408654918581;0,663923647635946;"[3002; 1481; 202; 389]"
wro4j;MLP;0;model6;ADA;0,724477729601892;0,5823419813003816;0,7692312827833135;[0,82598954 0,33869442];0,724477729601892;0,6057529610829103;0,7401293776488959;0,6729411693659031;"[3318; 1165; 233; 358]"
wro4j;RandomForest;0;model7;ADA;0,8163184864012615;0,6451561878606428;0,834192415420259;[0,8916027  0,39870968];0,8163184864012614;0,5228426395939086;0,8550078072719162;0,6889252234329125;"[3833; 650; 282; 309]"
wro4j;DT;0;model7;ADA;0,7010248324793062;0,550996684533448;0,7500793820463292;[0,81054078 0,29145259];0,7010248324793062;0,5279187817258884;0,7238456390809725;0,6258822104034305;"[3245; 1238; 279; 312]"
wro4j;LogistRegression;0;model7;ADA;0,610366574694521;0,5001044262840881;0,6801884722821598;[0,73487998 0,26532887];0,610366574694521;0,6040609137055838;0,6111978585768458;0,6076293861412148;"[2740; 1743; 234; 357]"
wro4j;MLP;0;model7;ADA;0,632242806464328;0,5296197803560471;0,6981467076190973;[0,74932832 0,30991124];0,632242806464328;0,7089678510998308;0,6221280392594245;0,6655479451796277;"[2789; 1694; 172; 419]"
